{
  "main": {
    "id": "fdcaae82126e8dd9",
    "type": "split",
    "children": [
      {
        "id": "8d764a7c071f1469",
        "type": "tabs",
        "children": [
          {
            "id": "1793e1358681049d",
            "type": "leaf",
            "state": {
              "type": "markdown",
              "state": {
                "file": "ressources/Notizen_und_Ideen.md",
                "mode": "source",
                "source": false
              },
              "icon": "lucide-file",
              "title": "Notizen_und_Ideen"
            }
          }
        ]
      }
    ],
    "direction": "vertical"
  },
  "left": {
    "id": "b3e09c52ba41a799",
    "type": "split",
    "children": [
      {
        "id": "20559a3acb6c29ec",
        "type": "tabs",
        "children": [
          {
            "id": "17b6d32e6cf1fa33",
            "type": "leaf",
            "state": {
              "type": "file-explorer",
              "state": {
                "sortOrder": "alphabetical"
              },
              "icon": "lucide-folder-closed",
              "title": "Files"
            }
          },
          {
            "id": "34958fb33225864d",
            "type": "leaf",
            "state": {
              "type": "search",
              "state": {
                "query": "",
                "matchingCase": false,
                "explainSearch": false,
                "collapseAll": false,
                "extraContext": false,
                "sortOrder": "alphabetical"
              },
              "icon": "lucide-search",
              "title": "Search"
            }
          },
          {
            "id": "ef4889c690fa84bb",
            "type": "leaf",
            "state": {
              "type": "bookmarks",
              "state": {},
              "icon": "lucide-bookmark",
              "title": "Bookmarks"
            }
          }
        ]
      }
    ],
    "direction": "horizontal",
    "width": 300
  },
  "right": {
    "id": "36aba19d2a4af6f9",
    "type": "split",
    "children": [
      {
        "id": "1fa6867cd04bb7c6",
        "type": "tabs",
        "children": [
          {
            "id": "93af7e8fa80d3402",
            "type": "leaf",
            "state": {
              "type": "backlink",
              "state": {
                "file": "ressources/Notizen_und_Ideen.md",
                "collapseAll": false,
                "extraContext": false,
                "sortOrder": "alphabetical",
                "showSearch": false,
                "searchQuery": "",
                "backlinkCollapsed": false,
                "unlinkedCollapsed": true
              },
              "icon": "links-coming-in",
              "title": "Backlinks for Notizen_und_Ideen"
            }
          },
          {
            "id": "f85224ad7f8ec4f5",
            "type": "leaf",
            "state": {
              "type": "outgoing-link",
              "state": {
                "file": "ressources/Notizen_und_Ideen.md",
                "linksCollapsed": false,
                "unlinkedCollapsed": true
              },
              "icon": "links-going-out",
              "title": "Outgoing links from Notizen_und_Ideen"
            }
          },
          {
            "id": "5159655f8921a1c7",
            "type": "leaf",
            "state": {
              "type": "tag",
              "state": {
                "sortOrder": "frequency",
                "useHierarchy": true
              },
              "icon": "lucide-tags",
              "title": "Tags"
            }
          },
          {
            "id": "b3f357a7c3a54e1e",
            "type": "leaf",
            "state": {
              "type": "outline",
              "state": {
                "file": "ressources/Notizen_und_Ideen.md"
              },
              "icon": "lucide-list",
              "title": "Outline of Notizen_und_Ideen"
            }
          }
        ]
      }
    ],
    "direction": "horizontal",
    "width": 300,
    "collapsed": true
  },
  "left-ribbon": {
    "hiddenItems": {
      "switcher:Open quick switcher": false,
      "graph:Open graph view": false,
      "canvas:Create new canvas": false,
      "daily-notes:Open today's daily note": false,
      "templates:Insert template": false,
      "command-palette:Open command palette": false
    }
  },
  "active": "1793e1358681049d",
  "lastOpenFiles": [
    "ressources/docs/SEUSAG.png",
    "ressources/docs/SEUSAG.drawio",
    "ressources/Notizen_und_Ideen.md"
  ]
}